<?xml version="1.0" encoding="UTF-8"?>
<sequence name="Intg_IRISException" xmlns="http://ws.apache.org/ns/synapse">
    <dbreport>
        <connection>
            <pool>
                <dsName>RamcoIntegdbDS</dsName>
            </pool>
        </connection>
        <statement>
            <sql><![CDATA[DECLARE @errormsg nvarchar(500)							DECLARE @MsgID	nvarchar(40)							DECLARE @Interfaceid  nvarchar(20)							DECLARE @ErrorCode nvarchar(20)							DECLARE @ErrorSource nvarchar(20)							DECLARE @ErrorType nvarchar(20)							DECLARE @Errorbatchid	nvarchar(40)														SELECT 	@MsgID = (?) 							SELECT 	@Interfaceid = (?) 							SELECT 	@ErrorCode = (?) 							SELECT 	@ErrorSource = (?) 							SELECT 	@errormsg = (?)								SELECT 	@ErrorType = (?)							
			EXEC Int_IRIS_Exceptions_SP @MsgID,@Interfaceid,@ErrorCode,@ErrorSource,@errormsg,@ErrorType]]></sql>
            <parameter expression="get-property('MsgID')" type="VARCHAR" xmlns:ns="http://org.apache.synapse/xsd"/>
            <parameter expression="get-property('Interfaceid')"
                type="VARCHAR" xmlns:ns="http://org.apache.synapse/xsd"/>
            <parameter expression="get-property('ErrorCode')"
                type="VARCHAR" xmlns:ns="http://org.apache.synapse/xsd"/>
            <parameter expression="get-property('ErrorSource')"
                type="VARCHAR" xmlns:ns="http://org.apache.synapse/xsd"/>
            <parameter expression="get-property('ERROR_MESSAGE')"
                type="VARCHAR" xmlns:ns="http://org.apache.synapse/xsd"/>
            <parameter expression="get-property('ErrorType')"
                type="VARCHAR" xmlns:ns="http://org.apache.synapse/xsd"/>
        </statement>
    </dbreport>
</sequence>
